1,Goku,goku@dbz.com,1
2,Vegeta,vegeta@dbz.com,2
3,Gohan,gohan@dbz.com,3
4,Piccolo,piccolo@dbz.com,4
5,Trunks,trunks@dbz.com,5
6,Frieza,frieza@dbz.com,6
7,Cell,cell@dbz.com,7
8,Majin Buu,buu@dbz.com,8
9,Krillin,krillin@dbz.com,9
10,Yamcha,yamcha@dbz.com,10
